sampleID_bact,sampleID_fung,sample_type,Sample_or_Control,extract_num,extract_kit,fungal_PCR_conc,raw_DNA_conc,bact_dilution,dil_DNA_conc,description,start_date,collect_date,short_description,wet_mass,vol_filter,sub_proj,plant_type,field_plot,gh_block,rain_trt,pot_num,UTM_lat,UTM_long,exp_len,seq_plate_no,seq_plate_row,seq_plate_col
RX015GLBRC15,RX015GLBRC15,Rain,Sample,15,Water_2,8.5704,0.268,1,0.268,G5r2 6-5-017 ,6/2/2017,6/5/2017,GLBRC15,NA,100,GLBRC,Rain,r2,r2,Rain,r2,633844.703,4694949.52,3,1,H,2
RX010GLBRC10,RX010GLBRC10,Rain,Sample,10,Water_2,8.2133,1.26,1,1.26,G5r2 6-14-017 ,6/5/2017,6/14/2017,GLBRC10,NA,210,GLBRC,Rain,r2,r2,Rain,r2,633844.703,4694949.52,9,1,B,2
RX019GLBRC19,RX019GLBRC19,Rain,Sample,19,Water_2,8.9275,2.5,1,2.5,GLBRC,6/14/2017,6/15/2017,GLBRC19,NA,337,GLBRC,Rain,r2,r2,Rain,r2,633844.703,4694949.52,1,1,D,3
RX033GLBRC33,RX033GLBRC33,Rain,Sample,33,Water_2,9.6417,29.8,0.5,14.9,G5r1 6-26-017,6/23/2017,6/26/2017,GLBRC33,NA,300,GLBRC,Rain,r1,r1,Rain,r1,633684.8,4695004.648,3,1,C,5
RX060GLBRC60,RX060GLBRC60,Rain,Sample,60,Water_1,11.0701,28.8,0.5,14.4,G5r2  6-26-017,6/23/2017,6/26/2017,GLBRC60,NA,300,GLBRC,Rain,r2,r2,Rain,r2,633844.684,4694950.528,3,1,F,8
RX101GLBRC101,RX101GLBRC101,Rain,Sample,101,Water_3,9.4225,23.4,0.5,11.7,G5r3  6-26-017,6/23/2017,6/26/2017,GLBRC101,NA,300,GLBRC,Rain,r3,r3,Rain,r3,633985.22,4695009.999,3,2,A,2
RX029GLBRC29,RX029GLBRC29,Rain,Sample,29,Water_2,6.0707,43.4,0.25,10.85,G5r4  6-26-017,6/23/2017,6/26/2017,GLBRC29,NA,200,GLBRC,Rain,r4,r4,Rain,r4,633815.342,4694896.588,3,1,F,4
RX045GLBRC45,RX045GLBRC45,Rain,Sample,45,Water_2,7.4991,3.02,1,3.02,G5r1 6-29-017,6/26/2017,6/29/2017,GLBRC45,NA,500,GLBRC,Rain,r1,r1,Rain,r1,633684.8,4695004.648,3,1,G,6
RX044GLBRC44,RX044GLBRC44,Rain,Sample,44,Water_2,9.2846,6.4,1,6.4,G5r2 6-29-017,6/26/2017,6/29/2017,GLBRC44,NA,500,GLBRC,Rain,r2,r2,Rain,r2,633844.684,4694950.528,3,1,F,6
RX105GLBRC105,RX105GLBRC105,Rain,Sample,105,Water_3,3.5797,2.94,1,2.94,G5r3 6-29-017,6/26/2017,6/29/2017,GLBRC105,NA,500,GLBRC,Rain,r3,r3,Rain,r3,633985.22,4695009.999,3,2,E,2
RX035GLBRC35,RX035GLBRC35,Rain,Sample,35,Water_2,5.89215,3.24,1,3.24,G5r4 6-29-017,6/26/2017,6/29/2017,GLBRC35,NA,500,GLBRC,Rain,r4,r4,Rain,r4,633815.342,4694896.588,3,1,E,5
RX121GLBRC121,RX121GLBRC121,Rain,Sample,121,Water_3,1.7088,13.9,1,13.9,G5r1-4 7-17-017,7/13/2017,7/17/2017,GLBRC121,NA,0,GLBRC,Rain,r1_2_3_4,r1_2_3_4,Rain,r1_2_3_4,633844.703,4694949.52,4,2,F,4
RX055GLBRC55,RX055GLBRC55,Rain,Sample,55,Water_1,4.2852,70,0.1,7,G5r1 7-24-017,7/17/2017,7/24/2017,GLBRC55,NA,350,GLBRC,Rain,r1,r1,Rain,r1,633684.49,4694963.533,7,1,A,8
RX023GLBRC23,RX023GLBRC23,Rain,Sample,23,Water_2,1.4284,146,0.1,14.6,G5r2 7-24-017,7/17/2017,7/24/2017,GLBRC23,NA,350,GLBRC,Rain,r2,r2,Rain,r2,633858.951,4694911.68,7,1,H,3
RX104GLBRC104,RX104GLBRC104,Rain,Sample,104,Water_3,1.7815,93.8,0.1,9.38,G5r3 7-24-017,7/17/2017,7/24/2017,GLBRC104,NA,125,GLBRC,Rain,r3,r3,Rain,r3,633985.999,4694969.057,7,2,D,2
RX086GLBRC86,RX086GLBRC86,Rain,Sample,86,Water_1,4.6423,77.6,0.1,7.76,G5r4 7-24-017,7/17/2017,7/24/2017,GLBRC86,NA,100,GLBRC,Rain,r4,r4,Rain,r4,633816.759,4694856.496,7,1,B,12
RX031GLBRC31,RX031GLBRC31,Rain,Sample,31,Water_2,5.3565,31.6,0.25,7.9,G5r1 8-7-017,8/3/2017,8/7/2017,GLBRC31,NA,500,GLBRC,Rain,r1,r1,Rain,r1,633684.49,4694963.533,4,1,A,5
RX012GLBRC12,RX012GLBRC12,Rain,Sample,12,Water_2,5.7136,23.8,0.5,11.9,G5r2 8-7-017,8/3/2017,8/7/2017,GLBRC12,NA,500,GLBRC,Rain,r2,r2,Rain,r2,633858.951,4694911.68,4,1,E,2
RX119GLBRC119,RX119GLBRC119,Rain,Sample,119,Water_3,0.4788,68.8,0.1,6.88,G5r3 8-7-017,8/3/2017,8/7/2017,GLBRC119,NA,500,GLBRC,Rain,r3,r3,Rain,r3,633985.999,4694969.057,4,2,D,4
RX018GLBRC18,RX018GLBRC18,Rain,Sample,18,Water_2,7.8562,23,0.5,11.5,G5r4 8-7-017,8/3/2017,8/7/2017,GLBRC18,NA,500,GLBRC,Rain,r4,r4,Rain,r4,633816.759,4694856.496,4,1,C,3
RX014GLBRC14,RX014GLBRC14,Rain,Sample,14,Water_2,3.9281,39.8,0.25,9.95,G5r1 8-15-017,8/7/2017,8/15/2017,GLBRC14,NA,350,GLBRC,Rain,r1,r1,Rain,r1,633684.49,4694963.533,8,1,G,2
RX028GLBRC28,RX028GLBRC28,Rain,Sample,28,Water_2,4.2852,36.2,0.25,9.05,G5r2 8-15-017,8/7/2017,8/15/2017,GLBRC28,NA,350,GLBRC,Rain,r2,r2,Rain,r2,633858.951,4694911.68,8,1,E,4
RX110GLBRC110,RX110GLBRC110,Rain,Sample,110,Water_3,4.199125,108,0.1,10.8,G5r3 8-15-017,8/7/2017,8/15/2017,GLBRC110,NA,350,GLBRC,Rain,r3,r3,Rain,r3,633985.999,4694969.057,8,2,B,3
RX020GLBRC20,RX020GLBRC20,Rain,Sample,20,Water_2,4.6423,26,0.8,20.8,G5r4 8-15-017,8/7/2017,8/15/2017,GLBRC20,NA,350,GLBRC,Rain,r4,r4,Rain,r4,633816.759,4694856.496,8,1,E,3
RX008GLBRC8,RX008GLBRC8,Rain,Sample,8,Water_2,5.7136,0.162,1,0.162,G5r1 8-28-017,8/24/2017,8/28/2017,GLBRC8,NA,350,GLBRC,Rain,r1,r1,Rain,r1,633699.201,4694981.638,4,1,H,1
RX026GLBRC26,RX026GLBRC26,Rain,Sample,26,Water_2,1.4284,0.198,1,0.198,G5r2 8-28-017,8/24/2017,8/28/2017,GLBRC26,NA,350,GLBRC,Rain,r2,r2,Rain,r2,633871.826,4694933.686,4,1,C,4
RX117GLBRC117,RX117GLBRC117,Rain,Sample,117,Water_3,3.4613,3.68,1,3.68,G5r3 8-28-017,8/24/2017,8/28/2017,GLBRC117,NA,350,GLBRC,Rain,r3,r3,Rain,r3,633999.73,4694991.236,4,2,A,4
RX027GLBRC27,RX027GLBRC27,Rain,Sample,27,Water_2,2.1426,0.0527,1,0.0527,G5r4 8-28-017,8/24/2017,8/28/2017,GLBRC27,NA,325,GLBRC,Rain,r4,r4,Rain,r4,633830.52,4694877.295,4,1,D,4
RX059GLBRC59,RX059GLBRC59,Rain,Sample,59,Water_1,11.0701,86.8,0.1,8.68,G5r1 9-4-017,8/28/2017,9/4/2017,GLBRC59,NA,350,GLBRC,Rain,r1,r1,Rain,r1,633684.49,4694963.533,7,1,E,8
RX062GLBRC62,RX062GLBRC62,Rain,Sample,62,Water_1,4.9994,42.2,0.25,10.55,G5r2 9-4-017,8/28/2017,9/4/2017,GLBRC62,NA,300,GLBRC,Rain,r2,r2,Rain,r2,633858.951,4694911.68,7,1,H,8
RX116GLBRC116,RX116GLBRC116,Rain,Sample,116,Water_3,4.1233,216,0.05,10.8,G5r3 9-4-017,8/28/2017,9/4/2017,GLBRC116,NA,300,GLBRC,Rain,r3,r3,Rain,r3,633985.999,4694969.057,7,2,H,3
RX052GLBRC52,RX052GLBRC52,Rain,Sample,52,Water_1,4.6423,172,0.05,8.6,G5r4 9-4-017,8/28/2017,9/4/2017,GLBRC52,NA,300,GLBRC,Rain,r4,r4,Rain,r4,633816.759,4694856.496,7,1,F,7
RX047GLBRC47,RX047GLBRC47,Rain,Sample,47,Water_2,6.0707,0.38,1,0.38,G5r1 9-18-017,9/14/2017,9/18/2017,GLBRC47,NA,175,GLBRC,Rain,r1,r1,Rain,r1,633684.49,4694963.533,4,1,A,7
RX082GLBRC82,RX082GLBRC82,Rain,Sample,82,Water_1,6.60635,2.26,1,2.26,G5r2 9-18-017,9/14/2017,9/18/2017,GLBRC82,NA,300,GLBRC,Rain,r2,r2,Rain,r2,633858.951,4694911.68,4,1,E,11
RX098GLBRC98,RX098GLBRC98,Rain,Sample,98,Water_1,2.5591,1.64,1,1.64,G5r3 9-18-017,9/14/2017,9/18/2017,GLBRC98,NA,325,GLBRC,Rain,r3,r3,Rain,r3,633985.999,4694969.057,4,2,F,1
RX063GLBRC63,RX063GLBRC63,Rain,Sample,63,Water_1,0.7142,0.001,1,0.001,G5r4 9-18-017,9/14/2017,9/18/2017,GLBRC63,NA,325,GLBRC,Rain,r4,r4,Rain,r4,633816.759,4694856.496,4,1,A,9
RX042GLBRC42,RX042GLBRC42,Rain,Sample,42,Water_2,1.7855,0.102,1,0.102,G5r1 9-19-017,9/18/2017,9/19/2017,GLBRC42,NA,350,GLBRC,Rain,r1,r1,Rain,r1,633684.49,4694963.533,1,1,D,6
RX039GLBRC39,RX039GLBRC39,Rain,Sample,39,Water_2,4.6423,0.184,1,0.184,G5r2 9-19-017,9/18/2017,9/19/2017,GLBRC39,NA,350,GLBRC,Rain,r2,r2,Rain,r2,633858.951,4694911.68,1,1,B,6
RX115GLBRC115,RX115GLBRC115,Rain,Sample,115,Water_3,2.862325,0.96,1,0.96,G5r3 9-19-017,9/18/2017,9/19/2017,GLBRC115,NA,350,GLBRC,Rain,r3,r3,Rain,r3,633985.999,4694969.057,1,2,G,3
RX040GLBRC40,RX040GLBRC40,Rain,Sample,40,Water_2,4.9994,0.138,1,0.138,G5r4 9-19-017,9/18/2017,9/19/2017,GLBRC40,NA,350,GLBRC,Rain,r4,r4,Rain,r4,633816.759,4694856.496,1,1,C,6
RX049GLBRC49,RX049GLBRC49,Rain,Sample,49,Water_2,2.1426,0.0386,1,0.0386,G5r2 10-11-017,10/10/2017,10/11/2017,GLBRC49,NA,350,GLBRC,Rain,r2,r2,Rain,r2,633858.951,4694911.68,1,1,C,7
RX043GLBRC43,RX043GLBRC43,Rain,Sample,43,Water_2,1.7855,0.0356,1,0.0356,G5r1+2 11-21-017,11/21/2017,11/22/2017,GLBRC43,NA,350,GLBRC,Rain,r1_2,r1_2,Rain,r1_2,633844.703,4694949.52,1,1,E,6
RX037GLBRC37,RX037GLBRC37,Rain,Sample,37,Water_2,1.4284,0.001,1,0.001,G5r1 12-29-017,12/28/2017,12/29/2017,GLBRC37,NA,350,GLBRC,Rain,r1,r1,Rain,r1,633684.49,4694963.533,1,1,G,5
RX065GLBRC65,RX065GLBRC65,Rain,Sample,65,Water_1,1.0713,0.001,1,0.001,G5r2 12-29-017,12/28/2017,12/29/2017,GLBRC65,NA,350,GLBRC,Rain,r2,r2,Rain,r2,633858.951,4694911.68,1,1,C,9
RX041GLBRC41,RX041GLBRC41,Rain,Sample,41,Water_2,1.4284,0.0136,1,0.0136,G5r4 12-29-017,12/28/2017,12/29/2017,GLBRC41,NA,350,GLBRC,Rain,r4,r4,Rain,r4,633816.759,4694856.496,1,1,A,6
RX048GLBRC48,RX048GLBRC48,Rain,Sample,48,Water_2,3.9281,0.164,1,0.164,G5r1 2-20-2018,2/15/2018,2/16/2018,GLBRC48,NA,350,GLBRC,Rain,r1,r1,Rain,r1,633684.49,4694963.533,1,1,B,7
RX057GLBRC57,RX057GLBRC57,Rain,Sample,57,Water_1,2.4997,0.25,1,0.25,G5r2 2-20-018,2/15/2018,2/16/2018,GLBRC57,NA,350,GLBRC,Rain,r2,r2,Rain,r2,633858.951,4694911.68,1,1,C,8
RX003GLBRC3,RX003GLBRC3,Rain,Sample,3,Water_2,1.5215,0.115,1,0.115,G5r4 2-20-018,2/15/2018,2/16/2018,GLBRC3,NA,350,GLBRC,Rain,r4,r4,Rain,r4,633816.759,4694856.496,1,1,C,1
RX030GLBRC30,RX030GLBRC30,Rain,Sample,30,Water_2,1.0713,0.0284,1,0.0284,G5r1 3-27-018,3/26/2018,3/27/2018,GLBRC30,NA,350,GLBRC,Rain,r1,r1,Rain,r1,633684.49,4694963.533,1,1,G,4
RX004GLBRC4,RX004GLBRC4,Rain,Sample,4,Water_2,1.8314,0.0102,1,0.0102,G5r2 3-27-018,3/26/2018,3/27/2018,GLBRC4,NA,350,GLBRC,Rain,r2,r2,Rain,r2,633858.951,4694911.68,1,1,D,1
RX061GLBRC61,RX061GLBRC61,Rain,Sample,61,Water_1,0.7142,0.0114,1,0.0114,G5r4 3-27-018,3/26/2018,3/27/2018,GLBRC61,NA,350,GLBRC,Rain,r4,r4,Rain,r4,633816.759,4694856.496,1,1,G,8
RX034GLBRC34,RX034GLBRC34,Rain,Sample,34,Water_2,3.2139,0.12,1,0.12,G5r1 5-03-018,5/2/2018,5/3/2018,GLBRC34,NA,350,GLBRC,Rain,r1,r1,Rain,r1,633684.49,4694963.533,1,1,D,5
RX066GLBRC66,RX066GLBRC66,Rain,Sample,66,Water_1,1.0713,0.101,1,0.101,G5r2 5-03-018,5/2/2018,5/3/2018,GLBRC66,NA,350,GLBRC,Rain,r2,r2,Rain,r2,633858.951,4694911.68,1,1,D,9
RX053GLBRC53,RX053GLBRC53,Rain,Sample,53,Water_1,1.0713,0.001,1,0.001,G5r4 5-03-018,5/2/2018,5/3/2018,GLBRC53,NA,350,GLBRC,Rain,r4,r4,Rain,r4,633816.759,4694856.496,1,1,G,7
RX007GLBRC7,RX007GLBRC7,Rain,Sample,7,Water_2,6.0707,0.294,1,0.294,G5r1 6-20-018,6/18/2018,6/20/2018,GLBRC7,NA,350,GLBRC,Rain,r1,r1,Rain,r1,633684.49,4694963.533,2,1,G,1
RX032GLBRC32,RX032GLBRC32,Rain,Sample,32,Water_2,3.9281,0.506,1,0.506,G5r2 6-20-018,6/18/2018,6/20/2018,GLBRC32,NA,350,GLBRC,Rain,r2,r2,Rain,r2,633858.951,4694911.68,2,1,B,5
RX002GLBRC2,RX002GLBRC2,Rain,Sample,2,Water_2,2.1426,0.268,1,0.268,G5r4 6-20-018,6/18/2018,6/20/2018,GLBRC2,NA,350,GLBRC,Rain,r4,r4,Rain,r4,633816.759,4694856.496,2,1,B,1
Leaf04,Leaf04,Leaf,Sample,4,Plant_1,1.36655,NA,NA,NA,Seed Contr 1,Seed,7/10/2018,Seed_C1_43291,0.0129,NA,Marshall,Seed,Control,Control,No_rain,C1,NA,NA,NA,2,B,5
Leaf13,Leaf13,Leaf,Sample,13,Plant_1,1.5215,NA,NA,NA,Seed Contr 2,Seed,7/10/2018,Seed_C2_43291,0.0456,NA,Marshall,Seed,Control,Control,No_rain,C2,NA,NA,NA,2,C,6
Leaf31,Leaf31,Leaf,Sample,31,Plant_1,2.4512,NA,NA,NA,Seed Contr 5,Seed,7/10/2018,Seed_C5_43291,0.1085,NA,Marshall,Seed,Control,Control,No_rain,C5,NA,NA,NA,2,E,8
Leaf64,Leaf64,Leaf,Sample,64,Plant_2,0.63625,NA,NA,NA,Seed Contr 4,Seed,7/10/2018,Seed_C4_43291,0.2072,NA,Marshall,Seed,Control,Control,No_rain,C4,NA,NA,NA,2,F,12
Leaf71,Leaf71,Leaf,Sample,71,Plant_2,1.7815,NA,NA,NA,Seed Contr 3,Seed,7/10/2018,Seed_C3_43291,0.1788,NA,Marshall,Seed,Control,Control,No_rain,C3,NA,NA,NA,3,C,1
Leaf61,Leaf61,Leaf,Sample,61,Plant_2,2.036,NA,NA,NA,Adult Block 1,Adult,7/16/2018,Block1_43297,0.0548,NA,Marshall,Adult,B1,B1,Field_rain,NA,639046.075,4700603.84,NA,2,C,12
Leaf56,Leaf56,Leaf,Sample,56,Plant_2,2.7995,NA,NA,NA,Adult Block 2,Adult,7/16/2018,Block2_43297,0.0489,NA,Marshall,Adult,B2,B2,Field_rain,NA,638976.568,4700616.674,NA,2,F,11
Leaf63,Leaf63,Leaf,Sample,63,Plant_2,3.69025,NA,NA,NA,Adult Block 3,Adult,7/16/2018,Block3_43297,0.0558,NA,Marshall,Adult,B2,B2,Field_rain,NA,638976.568,4700616.674,NA,2,E,12
Leaf70,Leaf70,Leaf,Sample,70,Plant_2,1.018,NA,NA,NA,Adult Block 4,Adult,7/16/2018,Block4_43297,0.054,NA,Marshall,Adult,B4,B4,Field_rain,NA,638811.969,4700754.249,NA,3,B,1
Leaf72,Leaf72,Leaf,Sample,72,Plant_2,2.7995,NA,NA,NA,Greenhouse Contr Pot 11,7/10/2018,7/16/2018,Pot_11_43297,0.0108,NA,Marshall,Seedling,Greenhouse,B1,No_rain,11,NA,NA,6,3,D,1
Leaf05,Leaf05,Leaf,Sample,5,Plant_1,2.1413,NA,NA,NA,Greenhouse Contr Pot 36,7/10/2018,7/16/2018,Pot_36_43297,0.0069,NA,Marshall,Seedling,Greenhouse,B3,No_rain,36,NA,NA,6,2,C,5
Leaf17,Leaf17,Leaf,Sample,17,Plant_1,1.5215,NA,NA,NA,Greenhouse Contr Pot 35,7/10/2018,7/16/2018,Pot_35_43297,0.0114,NA,Marshall,Seedling,Greenhouse,B3,No_rain,35,NA,NA,6,2,G,6
Leaf21,Leaf21,Leaf,Sample,21,Plant_1,3.071,NA,NA,NA,Greenhouse Contr Pot 47,7/10/2018,7/16/2018,Pot_47_43297,0.0184,NA,Marshall,Seedling,Greenhouse,B4,No_rain,47,NA,NA,6,2,C,7
Leaf46,Leaf46,Leaf,Sample,46,Plant_1,1.98635,NA,NA,NA,Greenhouse Contr Pot 23,7/10/2018,7/16/2018,Pot_23_43297,0.0108,NA,Marshall,Seedling,Greenhouse,B2,No_rain,23,NA,NA,6,2,D,10
RX056Marsh56,RX056Marsh56,Rain,Sample,56,Water_1,11.4272,4.3,1,4.3,Marshall B1,7/16/2018,7/20/2018,Marsh56,NA,350,Marshall,Rain,B1,B1,Rain,B1,639046.075,4700603.84,4,1,B,8
RX058Marsh58,RX058Marsh58,Rain,Sample,58,Water_1,8.9275,3.3,1,3.3,Marshall B2,7/16/2018,7/20/2018,Marsh58,NA,350,Marshall,Rain,B2,B2,Rain,B2,638976.568,4700616.674,4,1,D,8
RX017Marsh17,RX017Marsh17,Rain,Sample,17,Water_2,7.8562,3.32,1,3.32,Marshall B3,7/16/2018,7/20/2018,Marsh17,NA,300,Marshall,Rain,B3,B3,Rain,B3,638809.092,4700697.086,4,1,B,3
RX064Marsh64,RX064Marsh64,Rain,Sample,64,Water_1,1.0713,0.0226,1,0.0226,Marshall B4,7/16/2018,7/20/2018,Marsh64,NA,350,Marshall,Rain,B4,B4,Rain,B4,638811.969,4700754.249,4,1,B,9
RX006Marsh6,RX006Marsh6,Rain,Sample,6,Water_2,8.5704,9.8,1,9.8,Marshall B2,7/20/2018,7/21/2018,Marsh6,NA,350,Marshall,Rain,B2,B2,Rain,B2,638976.568,4700616.674,1,1,F,1
RX001Marsh1,RX001Marsh1,Rain,Sample,1,Water_2,7.142,10,1,10,Marshall B3,7/20/2018,7/21/2018,Marsh1,NA,350,Marshall,Rain,B3,B3,Rain,B3,638809.092,4700697.086,1,1,A,1
RX021Marsh21,RX021Marsh21,Rain,Sample,21,Water_2,7.4991,2.56,1,2.56,Marshall B4,7/20/2018,7/21/2018,Marsh21,NA,350,Marshall,Rain,B4,B4,Rain,B4,638811.969,4700754.249,1,1,F,3
RX111Marsh111,RX111Marsh111,Rain,Sample,111,Water_3,4.690825,1.23,1,1.23,Marshall B1,7/21/2018,7/22/2018,Marsh111,NA,350,Marshall,Rain,B1,B1,Rain,B1,639046.075,4700603.84,1,2,C,3
RX013Marsh13,RX013Marsh13,Rain,Sample,13,Water_2,7.8562,3.5,1,3.5,Marshall B2,7/21/2018,7/22/2018,Marsh13,NA,350,Marshall,Rain,B2,B2,Rain,B2,638976.568,4700616.674,1,1,F,2
RX024Marsh24,RX024Marsh24,Rain,Sample,24,Water_2,4.9994,5.08,1,5.08,Marshall B3,7/21/2018,7/22/2018,Marsh24,NA,350,Marshall,Rain,B3,B3,Rain,B3,638809.092,4700697.086,1,1,A,4
RX036Marsh36,RX036Marsh36,Rain,Sample,36,Water_2,4.9994,0.942,1,0.942,Marshall B4,7/21/2018,7/22/2018,Marsh36,NA,350,Marshall,Rain,B4,B4,Rain,B4,638811.969,4700754.249,1,1,F,5
RX025Marsh25,RX025Marsh25,Rain,Sample,25,Water_2,2.4997,12.1,1,12.1,Marshall B2,7/22/2018,7/31/2018,Marsh25,NA,350,Marshall,Rain,B2,B2,Rain,B2,638976.568,4700616.674,9,1,B,4
RX051Marsh51,RX051Marsh51,Rain,Sample,51,Water_1,6.7849,1.82,1,1.82,Marshall B3,7/22/2018,7/31/2018,Marsh51,NA,350,Marshall,Rain,B3,B3,Rain,B3,638809.092,4700697.086,9,1,E,7
RX005Marsh5,RX005Marsh5,Rain,Sample,5,Water_2,8.2133,17.6,0.5,8.8,Marshall B4,7/22/2018,7/31/2018,Marsh5,NA,350,Marshall,Rain,B4,B4,Rain,B4,638811.969,4700754.249,9,1,E,1
RX022Marsh22,RX022Marsh22,Rain,Sample,22,Water_2,8.9275,51.8,0.25,12.95,Marshall B1,7/31/2018,8/3/2018,Marsh22,NA,75,Marshall,Rain,B1,B1,Rain,B1,639046.075,4700603.84,3,1,G,3
RX016Marsh16,RX016Marsh16,Rain,Sample,16,Water_2,5.7136,45.6,0.25,11.4,Marshall B2,7/31/2018,8/3/2018,Marsh16,NA,350,Marshall,Rain,B2,B2,Rain,B2,638976.568,4700616.674,3,1,A,3
RX009Marsh9,RX009Marsh9,Rain,Sample,9,Water_2,3.9281,9.22,1,9.22,Marshall B3,7/31/2018,8/3/2018,Marsh9,NA,350,Marshall,Rain,B3,B3,Rain,B3,638809.092,4700697.086,3,1,A,2
RX046Marsh46,RX046Marsh46,Rain,Sample,46,Water_2,0.3571,22.4,0.5,11.2,Marshall B4,7/31/2018,8/3/2018,Marsh46,NA,350,Marshall,Rain,B4,B4,Rain,B4,638811.969,4700754.249,3,1,H,6
RX084Marsh84,RX084Marsh84,Rain,Sample,84,Water_1,9.10605,27.6,0.5,13.8,Marshall B1,8/6/2018,8/6/2018,Marsh84,NA,350,Marshall,Rain,B1,B1,Rain,B1,639046.075,4700603.84,0,1,H,11
RX106Marsh106,RX106Marsh106,Rain,Sample,106,Water_3,2.5919,8.5,1,8.5,Marshall B1,8/3/2018,8/6/2018,Marsh106,NA,350,Marshall,Rain,B1,B1,Rain,B1,639046.075,4700603.84,3,2,F,2
RX069Marsh69,RX069Marsh69,Rain,Sample,69,Water_1,7.8562,0.48,1,0.48,Marshall B2,8/6/2018,8/6/2018,Marsh69,NA,350,Marshall,Rain,B2,B2,Rain,B2,638976.568,4700616.674,0,1,H,9
RX112Marsh112,RX112Marsh112,Rain,Sample,112,Water_3,2.602825,5.04,1,5.04,Marshall B2,8/3/2018,8/6/2018,Marsh112,NA,350,Marshall,Rain,B2,B2,Rain,B2,638976.568,4700616.674,3,2,D,3
RX092Marsh92,RX092Marsh92,Rain,Sample,92,Water_1,5.3565,0.618,1,0.618,Marshall B3,8/3/2018,8/6/2018,Marsh92,NA,350,Marshall,Rain,B3,B3,Rain,B3,638809.092,4700697.086,3,1,H,12
RX103Marsh103,RX103Marsh103,Rain,Sample,103,Water_3,3.8175,0.1,1,0.1,Marshall B3,8/6/2018,8/6/2018,Marsh103,NA,350,Marshall,Rain,B3,B3,Rain,B3,638809.092,4700697.086,0,2,C,2
RX094Marsh94,RX094Marsh94,Rain,Sample,94,Water_1,2.7763,0.092,1,0.092,Marshall B4,8/3/2018,8/6/2018,Marsh94,NA,350,Marshall,Rain,B4,B4,Rain,B4,638811.969,4700754.249,3,2,B,1
RX073Marsh73,RX073Marsh73,Rain,Sample,73,Water_1,5.7136,5.24,1,5.24,Marshall B1,8/6/2018,8/8/2018,Marsh73,NA,350,Marshall,Rain,B1,B1,Rain,B1,639046.075,4700603.84,2,1,D,10
RX097Marsh97,RX097Marsh97,Rain,Sample,97,Water_1,2.5417,0.542,1,0.542,Marshall B2,8/6/2018,8/8/2018,Marsh97,NA,350,Marshall,Rain,B2,B2,Rain,B2,638976.568,4700616.674,2,2,E,1
RX076Marsh76,RX076Marsh76,Rain,Sample,76,Water_1,3.9281,0.226,1,0.226,Marshall B3,8/6/2018,8/8/2018,Marsh76,NA,350,Marshall,Rain,B3,B3,Rain,B3,638809.092,4700697.086,2,1,G,10
RX093Marsh93,RX093Marsh93,Rain,Sample,93,Water_1,3.117625,0.464,1,0.464,Marshall B4,8/6/2018,8/8/2018,Marsh93,NA,350,Marshall,Rain,B4,B4,Rain,B4,638811.969,4700754.249,2,2,A,1
Leaf19,Leaf19,Leaf,Sample,19,Plant_1,2.7611,NA,NA,NA,Petri S2 B1,7/21/2018,8/14/2018,S2B1_43302,0.0393,NA,Marshall,Petri,B1,B1,Sterile_rain,S2,639046.075,4700603.84,24,2,A,7
Leaf26,Leaf26,Leaf,Sample,26,Plant_1,10.8185,NA,NA,NA,Petri L1 B1,7/21/2018,8/14/2018,L1B1_43302,0.0657,NA,Marshall,Petri,B1,B1,Live_Rain,L1,639046.075,4700603.84,24,2,H,7
Leaf41,Leaf41,Leaf,Sample,41,Plant_1,4.6205,NA,NA,NA,Petri L2 B1,7/21/2018,8/14/2018,L2B1_43302,0.0453,NA,Marshall,Petri,B1,B1,Live_Rain,L2,639046.075,4700603.84,24,2,G,9
Leaf66,Leaf66,Leaf,Sample,66,Plant_2,2.16325,NA,NA,NA,Petri S1 B1,7/21/2018,8/14/2018,S1B1_43302,0.0958,NA,Marshall,Petri,B1,B1,Sterile_rain,S1,639046.075,4700603.84,24,2,H,12
Leaf40,Leaf40,Leaf,Sample,40,Plant_1,4.9304,NA,NA,NA,Petri L2 B2,7/21/2018,8/14/2018,L2B2_43302,0.0025,NA,Marshall,Petri,B2,B2,Live_Rain,L2,638976.568,4700616.674,24,2,F,9
Leaf45,Leaf45,Leaf,Sample,45,Plant_1,4.15565,NA,NA,NA,Petri S2 B2,7/21/2018,8/14/2018,S2B2_43302,0.0823,NA,Marshall,Petri,B2,B2,Sterile_rain,S2,638976.568,4700616.674,24,2,C,10
Leaf54,Leaf54,Leaf,Sample,54,Plant_2,3.6908,NA,NA,NA,Petri L1 B2,7/21/2018,8/14/2018,L1B2_43302,0.0081,NA,Marshall,Petri,B2,B2,Live_Rain,L1,638976.568,4700616.674,24,2,D,11
Leaf57,Leaf57,Leaf,Sample,57,Plant_2,3.054,NA,NA,NA,Petri S1 B2,7/21/2018,8/14/2018,S1B2_43302,0.0328,NA,Marshall,Petri,B2,B2,Sterile_rain,S1,638976.568,4700616.674,24,2,G,11
Leaf14,Leaf14,Leaf,Sample,14,Plant_1,3.071,NA,NA,NA,Petri S1 B4,7/21/2018,8/14/2018,S1B4_43302,0.0203,NA,Marshall,Petri,B4,B4,Sterile_rain,S1,638811.969,4700754.249,24,2,D,6
Leaf36,Leaf36,Leaf,Sample,36,Plant_1,2.4512,NA,NA,NA,Petri S2 B4,7/21/2018,8/14/2018,S2B4_43302,0.0154,NA,Marshall,Petri,B4,B4,Sterile_rain,S2,638811.969,4700754.249,24,2,B,9
Leaf37,Leaf37,Leaf,Sample,37,Plant_1,4.46555,NA,NA,NA,Petri L1 B4,7/21/2018,8/14/2018,L1B4_43302,0.0141,NA,Marshall,Petri,B4,B4,Live_Rain,L1,638811.969,4700754.249,24,2,C,9
Leaf52,Leaf52,Leaf,Sample,52,Plant_2,3.071,NA,NA,NA,Petri L2 B4,7/21/2018,8/14/2018,L2B4_43302,0.083,NA,Marshall,Petri,B4,B4,Live_Rain,L2,638811.969,4700754.249,24,2,B,11
Leaf11,Leaf11,Leaf,Sample,11,Plant_1,1.36655,NA,NA,NA,Petri Nano3,7/21/2018,8/14/2018,Nano3_43302,0.0089,NA,Marshall,Petri,Nano,Nano,Nano,N3,NA,NA,24,2,A,6
Leaf29,Leaf29,Leaf,Sample,29,Plant_1,6.4799,NA,NA,NA,Petri Nano4,7/21/2018,8/14/2018,Nano4_43302,0.0255,NA,Marshall,Petri,Nano,Nano,Nano,N4,NA,NA,24,2,C,8
Leaf44,Leaf44,Leaf,Sample,44,Plant_1,4.0007,NA,NA,NA,Petri Nano1,7/21/2018,8/14/2018,Nano1_43302,0.0277,NA,Marshall,Petri,Nano,Nano,Nano,N1,NA,NA,24,2,B,10
Leaf69,Leaf69,Leaf,Sample,69,Plant_2,1.2725,NA,NA,NA,Petri Nano2,7/21/2018,8/14/2018,Nano2_43302,0.0666,NA,Marshall,Petri,Nano,Nano,Nano,N2,NA,NA,24,3,A,1
RX081Marsh81,RX081Marsh81,Rain,Sample,81,Water_1,0.4529,49,0.25,12.25,Marshall B2,8/8/2018,8/18/2018,Marsh81,NA,100,Marshall,Rain,B2,B2,Rain,B2,638976.568,4700616.674,10,1,D,11
RX091Marsh91,RX091Marsh91,Rain,Sample,91,Water_1,3.571,147,0.1,14.7,Marshall B3,8/8/2018,8/18/2018,Marsh91,NA,100,Marshall,Rain,B3,B3,Rain,B3,638809.092,4700697.086,10,1,G,12
RX120Marsh120,RX120Marsh120,Rain,Sample,120,Water_3,2.8285,86.4,0.1,8.64,Marshall B4,8/8/2018,8/18/2018,Marsh120,NA,100,Marshall,Rain,B4,B4,Rain,B4,638811.969,4700754.249,10,2,E,4
RX087Marsh87,RX087Marsh87,Rain,Sample,87,Water_1,10.3559,10.1,1,10.1,Marshall B1,8/18/2018,8/21/2018,Marsh87,NA,350,Marshall,Rain,B1,B1,Rain,B1,639046.075,4700603.84,3,1,C,12
RX113Marsh113,RX113Marsh113,Rain,Sample,113,Water_3,6.1957,11.9,1,11.9,Marshall B2,8/18/2018,8/21/2018,Marsh113,NA,350,Marshall,Rain,B2,B2,Rain,B2,638976.568,4700616.674,3,2,E,3
RX075Marsh75,RX075Marsh75,Rain,Sample,75,Water_1,7.32055,24,0.5,12,Marshall B3,8/18/2018,8/21/2018,Marsh75,NA,350,Marshall,Rain,B3,B3,Rain,B3,638809.092,4700697.086,3,1,F,10
RX080Marsh80,RX080Marsh80,Rain,Sample,80,Water_1,11.4272,28,0.5,14,Marshall B4,8/18/2018,8/21/2018,Marsh80,NA,350,Marshall,Rain,B4,B4,Rain,B4,638811.969,4700754.249,3,1,C,11
RX088Marsh88,RX088Marsh88,Rain,Sample,88,Water_1,6.96345,59.4,0.25,14.85,Marshall B2,8/21/2018,8/22/2018,Marsh88,NA,350,Marshall,Rain,B2,B2,Rain,B2,638976.568,4700616.674,1,1,D,12
RX071Marsh71,RX071Marsh71,Rain,Sample,71,Water_1,8.5704,23.6,0.5,11.8,Marshall B3,8/21/2018,8/22/2018,Marsh71,NA,350,Marshall,Rain,B3,B3,Rain,B3,638809.092,4700697.086,1,1,B,10
RX077Marsh77,RX077Marsh77,Rain,Sample,77,Water_1,7.142,53.8,0.25,13.45,Marshall B4,8/21/2018,8/22/2018,Marsh77,NA,375,Marshall,Rain,B4,B4,Rain,B4,638811.969,4700754.249,1,1,H,10
RX107Marsh107,RX107Marsh107,Rain,Sample,107,Water_3,2.6701,18.8,0.5,9.4,Marshall B1,8/22/2018,8/25/2018,Marsh107,NA,350,Marshall,Rain,B1,B1,Rain,B1,639046.075,4700603.84,3,2,G,2
RX099Marsh99,RX099Marsh99,Rain,Sample,99,Water_1,2.518325,26.2,0.5,13.1,Marshall B2,8/22/2018,8/25/2018,Marsh99,NA,350,Marshall,Rain,B2,B2,Rain,B2,638976.568,4700616.674,3,2,G,1
RX072Marsh72,RX072Marsh72,Rain,Sample,72,Water_1,4.9994,28.2,0.5,14.1,Marshall B3,8/22/2018,8/25/2018,Marsh72,NA,350,Marshall,Rain,B3,B3,Rain,B3,638809.092,4700697.086,3,1,C,10
RX095Marsh95,RX095Marsh95,Rain,Sample,95,Water_1,2.9881,41.2,0.25,10.3,Marshall B4,8/22/2018,8/25/2018,Marsh95,NA,350,Marshall,Rain,B4,B4,Rain,B4,638811.969,4700754.249,3,2,C,1
RX109Marsh109,RX109Marsh109,Rain,Sample,109,Water_3,5.9723,13.2,1,13.2,Marshall B1,8/25/2018,8/28/2018,Marsh109,NA,350,Marshall,Rain,B1,B1,Rain,B1,639046.075,4700603.84,3,2,A,3
RX089Marsh89,RX089Marsh89,Rain,Sample,89,Water_1,11.0701,4.06,1,4.06,Marshall B2,8/25/2018,8/28/2018,Marsh89,NA,350,Marshall,Rain,B2,B2,Rain,B2,638976.568,4700616.674,3,1,E,12
RX083Marsh83,RX083Marsh83,Rain,Sample,83,Water_1,3.571,20.4,0.5,10.2,Marshall B3,8/25/2018,8/28/2018,Marsh83,NA,350,Marshall,Rain,B3,B3,Rain,B3,638809.092,4700697.086,3,1,F,11
RX067Marsh67,RX067Marsh67,Rain,Sample,67,Water_1,9.9988,30.2,0.25,7.55,Marshall B4,8/25/2018,8/28/2018,Marsh67,NA,350,Marshall,Rain,B4,B4,Rain,B4,638811.969,4700754.249,3,1,F,9
RX085Marsh85,RX085Marsh85,Rain,Sample,85,Water_1,10.3559,37,0.25,9.25,Marshall B1,8/28/2018,8/29/2018,Marsh85,NA,350,Marshall,Rain,B1,B1,Rain,B1,639046.075,4700603.84,1,1,A,12
RX078Marsh78,RX078Marsh78,Rain,Sample,78,Water_1,7.142,18.2,0.5,9.1,Marshall B2,8/28/2018,8/29/2018,Marsh78,NA,350,Marshall,Rain,B2,B2,Rain,B2,638976.568,4700616.674,1,1,A,11
RX074Marsh74,RX074Marsh74,Rain,Sample,74,Water_1,8.2133,55.8,0.25,13.95,Marshall B4,8/28/2018,8/29/2018,Marsh74,NA,250,Marshall,Rain,B4,B4,Rain,B4,638811.969,4700754.249,1,1,E,10
RX079Marsh79,RX079Marsh79,Rain,Sample,79,Water_1,7.8562,15.2,0.5,7.6,Marshall B1,8/29/2018,9/2/2018,Marsh79,NA,350,Marshall,Rain,B1,B1,Rain,B1,639046.075,4700603.84,4,1,B,11
RX068Marsh68,RX068Marsh68,Rain,Sample,68,Water_1,7.4991,30.2,0.25,7.55,Marshall B2,8/29/2018,9/2/2018,Marsh68,NA,350,Marshall,Rain,B2,B2,Rain,B2,638976.568,4700616.674,4,1,G,9
RX096Marsh96,RX096Marsh96,Rain,Sample,96,Water_1,0.1713,32.8,0.25,8.2,Marshall B3,8/29/2018,9/2/2018,Marsh96,NA,350,Marshall,Rain,B3,B3,Rain,B3,638809.092,4700697.086,4,2,D,1
RX118Marsh118,RX118Marsh118,Rain,Sample,118,Water_3,5.444425,41.6,0.25,10.4,Marshall B4,8/29/2018,9/2/2018,Marsh118,NA,350,Marshall,Rain,B4,B4,Rain,B4,638811.969,4700754.249,4,2,B,4
RX070Marsh70,RX070Marsh70,Rain,Sample,70,Water_1,6.7849,56.8,0.25,14.2,Marshall B1,9/2/2018,9/4/2018,Marsh70,NA,350,Marshall,Rain,B1,B1,Rain,B1,639046.075,4700603.84,2,1,A,10
RX108Marsh108,RX108Marsh108,Rain,Sample,108,Water_3,2.551625,13.4,1,13.4,Marshall B4,9/2/2018,9/4/2018,Marsh108,NA,350,Marshall,Rain,B4,B4,Rain,B4,638811.969,4700754.249,2,2,H,2
Leaf55d,Leaf55,Leaf,Sample,55,Plant_2,5.39525,NA,NA,NA,Adult Block 1,Adult,9/5/2018,Block1_43348,0.0458,NA,Marshall,Adult,B1,B1,Field_rain,NA,639046.075,4700603.84,NA,2,E,11
Leaf60d,Leaf60,Leaf,Sample,60,Plant_2,1.527,NA,NA,NA,Adult Block 2,Adult,9/5/2018,Block2_43348,0.0534,NA,Marshall,Adult,B2,B2,Field_rain,NA,638976.568,4700616.674,NA,2,B,12
Leaf73d,Leaf73,Leaf,Sample,73,Plant_2,2.7995,NA,NA,NA,Adult Block 3,Adult,9/5/2018,Block3_43348,0.0483,NA,Marshall,Adult,B3,B3,Field_rain,NA,638809.092,4700697.086,NA,3,E,1
Leaf67d,Leaf67,Leaf,Sample,67,Plant_2,0.7635,NA,NA,NA,Adult Block 4,Adult,9/5/2018,Block4_43348,0.0467,NA,Marshall,Adult,B4,B4,Field_rain,NA,638811.969,4700754.249,NA,2,C,4
Leaf18,Leaf18,Leaf,Sample,18,Plant_1,3.84575,NA,NA,NA,Marshall Leaf Pot 2,7/10/2018,9/5/2018,Pot_2_43348,0.0566,NA,Marshall,Seedling,B1,B1,Field_rain,2,639046.075,4700603.84,57,2,H,6
Leaf24,Leaf24,Leaf,Sample,24,Plant_1,4.3106,NA,NA,NA,Marshall Leaf Pot 4,7/10/2018,9/5/2018,Pot_4_43348,0.0687,NA,Marshall,Seedling,B1,B1,Field_rain,4,639046.075,4700603.84,57,2,F,7
Leaf25,Leaf25,Leaf,Sample,25,Plant_1,1.8314,NA,NA,NA,Marshall Leaf Pot 9,7/10/2018,9/5/2018,Pot_9_43348,0.0051,NA,Marshall,Seedling,B1,B1,Field_rain,9,639046.075,4700603.84,57,2,G,7
Leaf65,Leaf65,Leaf,Sample,65,Plant_2,1.527,NA,NA,NA,Marshall Leaf Pot 3,7/10/2018,9/5/2018,Pot_3_43348,0.043,NA,Marshall,Seedling,B1,B1,Field_rain,3,639046.075,4700603.84,57,2,G,12
Leaf12,Leaf12,Leaf,Sample,12,Plant_1,3.071,NA,NA,NA,Marshall Leaf Pot 17,7/10/2018,9/5/2018,Pot_17_43348,0.032,NA,Marshall,Seedling,B2,B2,Field_rain,17,638976.568,4700616.674,57,2,B,6
Leaf33,Leaf33,Leaf,Sample,33,Plant_1,1.2116,NA,NA,NA,Marshall Leaf Pot 21,7/10/2018,9/5/2018,Pot_21_43348,0.0742,NA,Marshall,Seedling,B2,B2,Field_rain,21,638976.568,4700616.674,57,2,G,8
Leaf47,Leaf47,Leaf,Sample,47,Plant_1,3.3809,NA,NA,NA,Marshall Leaf Pot 22,7/10/2018,9/5/2018,Pot_22_43348,0.2119,NA,Marshall,Seedling,B2,B2,Field_rain,22,638976.568,4700616.674,57,2,E,10
Leaf68,Leaf68,Leaf,Sample,68,Plant_2,1.2725,NA,NA,NA,Marshall Leaf Pot 16,7/10/2018,9/5/2018,Pot_16_43348,0.0896,NA,Marshall,Seedling,B2,B2,Field_rain,16,638976.568,4700616.674,57,2,H,4
Leaf10d,Leaf10,Leaf,Sample,10,Plant_1,3.071,NA,NA,NA,Marshall Leaf Pot 26,7/10/2018,9/5/2018,Pot_26_43348,0.1113,NA,Marshall,Seedling,B3,B3,Field_rain,26,638809.092,4700697.086,57,2,H,5
Leaf27,Leaf27,Leaf,Sample,27,Plant_1,1.5215,NA,NA,NA,Marshall Leaf Pot 25,7/10/2018,9/5/2018,Pot_25_43348,0.0066,NA,Marshall,Seedling,B3,B3,Field_rain,25,638809.092,4700697.086,57,2,A,8
Leaf39,Leaf39,Leaf,Sample,39,Plant_1,1.67645,NA,NA,NA,Marshall Leaf Pot 33,7/10/2018,9/5/2018,Pot_33_43348,0.0649,NA,Marshall,Seedling,B3,B3,Field_rain,33,638809.092,4700697.086,57,2,E,9
Leaf49,Leaf49,Leaf,Sample,49,Plant_1,0.9017,NA,NA,NA,Marshall Leaf Pot 32,7/10/2018,9/5/2018,Pot_32_43348,0.106,NA,Marshall,Seedling,B3,B3,Field_rain,32,638809.092,4700697.086,57,2,G,10
Leaf58,Leaf58,Leaf,Sample,58,Plant_2,1.36655,NA,NA,NA,Marshall Leaf Pot 31,7/10/2018,9/5/2018,Pot_31_43348,0.1354,NA,Marshall,Seedling,B3,B3,Field_rain,31,638809.092,4700697.086,57,2,H,11
Leaf03,Leaf03,Leaf,Sample,3,Plant_1,1.2116,NA,NA,NA,Marshall Leaf Pot 41,7/10/2018,9/5/2018,Pot_41_43346,0.0175,NA,Marshall,Seedling,B4,B4,Field_rain,41,638811.969,4700754.249,57,2,A,5
Leaf23,Leaf23,Leaf,Sample,23,Plant_1,5.5502,NA,NA,NA,Marshall Leaf Pot 42,7/10/2018,9/5/2018,Pot_42_43348,0.1433,NA,Marshall,Seedling,B4,B4,Field_rain,42,638811.969,4700754.249,57,2,E,7
Leaf43,Leaf43,Leaf,Sample,43,Plant_1,1.5215,NA,NA,NA,Marshall Leaf Pot 43,7/10/2018,9/5/2018,Pot_43_43348,0.0908,NA,Marshall,Seedling,B4,B4,Field_rain,43,638811.969,4700754.249,57,2,A,10
Leaf59,Leaf59,Leaf,Sample,59,Plant_2,1.527,NA,NA,NA,Marshall Leaf Pot 37,7/10/2018,9/5/2018,Pot_37_43348,0.039,NA,Marshall,Seedling,B4,B4,Field_rain,37,638811.969,4700754.249,57,2,A,12
Leaf07,Leaf07,Leaf,Sample,7,Plant_1,1.67645,NA,NA,NA,Petri S1 B4 (erroneously labeled B1),8/21/2018,9/18/2018,S1B4_43361,0.0055,NA,Marshall,Petri,B4,B4,Sterile_rain,S1,638811.969,4700754.249,28,2,E,5
Leaf22,Leaf22,Leaf,Sample,22,Plant_1,2.4512,NA,NA,NA,Petri S1 B2,8/21/2018,9/18/2018,S1B2_43361,0.0058,NA,Marshall,Petri,B2,B2,Sterile_rain,S1,638976.568,4700616.674,28,2,D,7
Leaf28,Leaf28,Leaf,Sample,28,Plant_1,1.5215,NA,NA,NA,Petri S2 B2,8/21/2018,9/18/2018,S2B2_43361,0.0025,NA,Marshall,Petri,B2,B2,Sterile_rain,S2,638976.568,4700616.674,28,2,B,8
Leaf42,Leaf42,Leaf,Sample,42,Plant_1,4.77545,NA,NA,NA,Petri L1 B2,8/21/2018,9/18/2018,L1B2_43361,0.0197,NA,Marshall,Petri,B2,B2,Live_Rain,L1,638976.568,4700616.674,28,2,H,9
Leaf48,Leaf48,Leaf,Sample,48,Plant_1,4.3106,NA,NA,NA,Perti L2 B2,8/21/2018,9/18/2018,L2B2_43361,0.0082,NA,Marshall,Petri,B2,B2,Live_Rain,L2,638976.568,4700616.674,28,2,F,10
Leaf08,Leaf08,Leaf,Sample,8,Plant_1,1.5215,NA,NA,NA,Petri L2 B3,8/21/2018,9/18/2018,L2B3_43361,0.0064,NA,Marshall,Petri,B3,B3,Live_Rain,L2,638809.092,4700697.086,28,2,F,5
Leaf15,Leaf15,Leaf,Sample,15,Plant_1,7.25465,NA,NA,NA,Petri S2 B3,8/21/2018,9/18/2018,S2B3_43361,0.005,NA,Marshall,Petri,B3,B3,Sterile_rain,S2,638809.092,4700697.086,28,2,E,6
Leaf30,Leaf30,Leaf,Sample,30,Plant_1,2.91605,NA,NA,NA,Petri S1 B3,8/21/2018,9/18/2018,S1B3_43361,0.006,NA,Marshall,Petri,B3,B3,Sterile_rain,S1,638809.092,4700697.086,28,2,D,8
Leaf32,Leaf32,Leaf,Sample,32,Plant_1,1.8314,NA,NA,NA,Petri L1 B3,8/21/2018,9/18/2018,L1B3_43361,0.002,NA,Marshall,Petri,B3,B3,Live_Rain,L1,638809.092,4700697.086,28,2,F,8
Leaf09,Leaf09,Leaf,Sample,9,Plant_1,1.67645,NA,NA,NA,Petri L2 B4,8/21/2018,9/18/2018,L2B4_43361,0.0145,NA,Marshall,Petri,B4,B4,Live_Rain,L2,638811.969,4700754.249,28,2,G,5
Leaf35,Leaf35,Leaf,Sample,35,Plant_1,0.9017,NA,NA,NA,Petri L1 B4,8/21/2018,9/18/2018,L1B4_43361,0.003,NA,Marshall,Petri,B4,B4,Live_Rain,L1,638811.969,4700754.249,28,2,A,9
Leaf38,Leaf38,Leaf,Sample,38,Plant_1,2.1413,NA,NA,NA,Petri S2 B4,8/21/2018,9/18/2018,S2B4_43361,0.0037,NA,Marshall,Petri,B4,B4,Sterile_rain,S2,638811.969,4700754.249,28,2,D,9
Leaf16,Leaf16,Leaf,Sample,16,Plant_1,5.08535,NA,NA,NA,Petri Nano4,8/21/2018,9/18/2018,Nano4_43361,0.0026,NA,Marshall,Petri,Nano,Nano,Nano,N4,NA,NA,28,2,F,6
Leaf34,Leaf34,Leaf,Sample,34,Plant_1,2.7611,NA,NA,NA,Petri Nano1,8/21/2018,9/18/2018,Nano1_43361,0.0078,NA,Marshall,Petri,Nano,Nano,Nano,N1,NA,NA,28,2,H,8
Leaf53,Leaf53,Leaf,Sample,53,Plant_2,2.4512,NA,NA,NA,Petri Nano3,8/21/2018,9/18/2018,Nano3_43361,0.0057,NA,Marshall,Petri,Nano,Nano,Nano,N3,NA,NA,28,2,C,11
Leaf75,Leaf75,Leaf,Sample,75,Plant_2,2.1413,NA,NA,NA,Petri Nano2,8/21/2018,9/18/2018,Nano2_43361,0.0034,NA,Marshall,Petri,Nano,Nano,Nano,N2,NA,NA,28,3,G,1
RX011Blank11,RX011Blank11,Rain,Control,11,Water_2,0.7142,0.0118,1,0.0118,Blank 1,2/6/2019,2/6/2019,Blank11,NA,NA,Blank,Blank,Blank,Blank,Blank,NA,NA,NA,0,1,D,2
RX038Blank38,RX038Blank38,Rain,Control,38,Water_2,1.0713,0.001,1,0.001,Blank 2,2/7/2019,2/11/2019,Blank38,NA,NA,Blank,Blank,Blank,Blank,Blank,NA,NA,NA,4,1,H,5
RX050Blank50,RX050Blank50,Rain,Control,50,Water_2,0.7142,0.001,1,0.001,Blank 3,2/7/2019,2/12/2019,Blank50,NA,NA,Blank,Blank,Blank,Blank,Blank,NA,NA,NA,5,1,D,7
RX054Blank54,RX054Blank54,Rain,Control,54,Water_1,0.7142,0.001,1,0.001,Blank 4,2/12/2019,2/12/2019,Blank54,NA,NA,Blank,Blank,Blank,Blank,Blank,NA,NA,NA,0,1,H,7
RX090Blank90,RX090Blank90,Rain,Control,90,Water_1,2.8046,0.001,1,0.001,Blank 5,2/12/2019,2/18/2019,Blank90,NA,NA,Blank,Blank,Blank,Blank,Blank,NA,NA,NA,6,1,F,12
RX100Blank100,RX100Blank100,Rain,Control,100,Water_1,1.4013,0.001,1,0.001,Blank 6,2/12/2019,2/19/2019,Blank100,NA,NA,Blank,Blank,Blank,Blank,Blank,NA,NA,NA,7,2,H,1
RX102Blank102,RX102Blank102,Rain,Control,102,Water_3,2.3238,0.001,1,0.001,Blank 7 ,2/19/2019,2/19/2019,Blank102,NA,NA,Blank,Blank,Blank,Blank,Blank,NA,NA,NA,0,2,B,2
RX114Blank114,RX114Blank114,Rain,Control,114,Water_3,0.7863,0.001,1,0.001,Blank 8 ,2/19/2019,2/20/2019,Blank114,NA,NA,Blank,Blank,Blank,Blank,Blank,NA,NA,NA,1,2,F,3
RX122Blank122,RX122Blank122,Rain,Control,122,Water_3,0.94005,0.001,1,0.001,Blank 9,2/19/2019,2/21/2019,Blank122,NA,NA,Blank,Blank,Blank,Blank,Blank,NA,NA,NA,2,2,G,4
Leaf06,Leaf06,Leaf,Control,6,Plant_1,0.74675,NA,NA,NA,Blank 1 ,7/25/2019,7/25/2019,Blank1 _43671,NA,NA,Blank,Blank,Blank,Blank,Blank,NA,NA,NA,0,2,D,5
Leaf20,Leaf20,Leaf,Control,20,Plant_1,0.5918,NA,NA,NA,Blank 2,7/25/2019,8/1/2019,Blank2_43671,NA,NA,Blank,Blank,Blank,Blank,Blank,NA,NA,NA,7,2,B,7
Leaf50,Leaf50,Leaf,Control,50,Plant_1,1.2116,NA,NA,NA,Blank 3,7/25/2019,8/2/2019,Blank3_43671,NA,NA,Blank,Blank,Blank,Blank,Blank,NA,NA,NA,8,2,H,10
Leaf51,Leaf51,Leaf,Control,51,Plant_2,0.9017,NA,NA,NA,Blank 4,8/2/2019,8/2/2019,Blank4_43679,NA,NA,Blank,Blank,Blank,Blank,Blank,NA,NA,NA,0,2,A,11
Leaf62,Leaf62,Leaf,Control,62,Plant_2,0.63625,NA,NA,NA,Blank 5,8/2/2019,8/7/2019,Blank5_43679,NA,NA,Blank,Blank,Blank,Blank,Blank,NA,NA,NA,5,2,D,12
Leaf74,Leaf74,Leaf,Control,74,Plant_2,0.7635,NA,NA,NA,Blank 6,8/2/2019,8/7/2019,Blank6_43679,NA,NA,Blank,Blank,Blank,Blank,Blank,NA,NA,NA,5,3,F,1
BlankRainPCR1,BlankRainPCR1,Blank,Control,1,PCR,1.0713,NA,NA,NA,Water blank first PCR Rain,Blank,NA,BlankRainPCR1,NA,NA,Blank,Blank,Blank,Blank,NA,NA,NA,NA,NA,1,H,4
BlankRainPCR2,BlankRainPCR2,Blank,Control,2,PCR,1.0713,NA,NA,NA,SpeedVac Water PCR blank,Blank,NA,BlankRainPCR2,NA,NA,Blank,Blank,Blank,Blank,NA,NA,NA,NA,NA,3,H,1
FungalMock1,FungalMock1,Mock,Sample,1,Mock,1.0713,NA,NA,NA,Bonito lab fungal mock community,Mock,NA,FungalMock1,NA,NA,Mock,Mock,Mock,Mock,NA,NA,NA,NA,NA,1,C,2
FungalMock2,FungalMock2,Mock,Sample,2,Mock,1.4284,NA,NA,NA,Bonito lab fungal mock community,Mock,NA,FungalMock2,NA,NA,Mock,Mock,Mock,Mock,NA,NA,NA,NA,NA,1,E,9
FungalMock3,FungalMock3,Mock,Sample,3,Mock,1.4013,NA,NA,NA,Bonito lab fungal mock community,Mock,NA,FungalMock3,NA,NA,Mock,Mock,Mock,Mock,NA,NA,NA,NA,NA,1,G,11
